"Date","Workout name","Exercise","Set","Weight","Reps","Distance","Duration","Measurement unit","Notes"
"2022-11-03 16:23:06","full body","Chin Ups","1","","5","","","kg",
"2022-11-03 16:23:06","full body","Chin Ups","2","","2","","","kg",
"2022-11-03 16:23:06","full body","Chin Ups","3","","3","","","kg",
"2022-11-03 16:23:06","full body","Butterfly Machine","1","20","32","","","kg",
"2022-11-03 16:23:06","full body","Butterfly Machine","2","25","14","","","kg",
"2022-11-03 16:23:06","full body","Butterfly Machine","3","25","10","","","kg",
"2022-11-03 16:23:06","full body","Butterfly Machine","4","25","10","","","kg",
"2022-11-03 16:23:06","full body","Cable Bicep Curl","1","25","14","","","kg",
"2022-11-03 16:23:06","full body","Cable Bicep Curl","2","25","8","","","kg",
"2022-11-03 16:23:06","full body","Cable Bicep Curl","3","20","11","","","kg",
"2022-11-03 16:23:06","full body","Cable Bicep Curl","4","20","13","","","kg",
"2022-11-03 16:23:06","full body","Cable Triceps Pushdown","1","25","50","","","kg",
"2022-11-03 16:23:06","full body","Cable Triceps Pushdown","2","35","10","","","kg",
"2022-11-03 16:23:06","full body","Cable Triceps Pushdown","3","30","15","","","kg",
"2022-11-03 16:23:06","full body","Cable Triceps Pushdown","4","30","14","","","kg",
"2022-11-03 16:23:06","full body","Leg Press","1","120","25","","","kg",
"2022-11-03 16:23:06","full body","Leg Press","2","120","14","","","kg",
"2022-11-03 16:23:06","full body","Leg Press","3","120","12","","","kg",
"2022-11-03 16:23:06","full body","Leg Press","4","120","17","","","kg",
"2022-11-03 16:23:06","full body","Crunches","1","","27","","","kg",
"2022-11-03 16:23:06","full body","Crunches","2","","35","","","kg",
"2022-11-03 16:23:06","full body","Crunches","3","","25","","","kg",
"2022-11-03 16:23:06","full body","Crunches","4","","26","","","kg",
"2022-11-04 06:15:07","ombro, dorsal, biceps, panturrilha","Lateral Dumbbell Raises","1","8","20","","","kg",
"2022-11-04 06:15:07","ombro, dorsal, biceps, panturrilha","Lateral Dumbbell Raises","2","8","14","","","kg",
"2022-11-04 06:15:07","ombro, dorsal, biceps, panturrilha","Lateral Dumbbell Raises","3","8","12","","","kg",
"2022-11-04 06:15:07","ombro, dorsal, biceps, panturrilha","Lateral Dumbbell Raises","4","8","10","","","kg",
"2022-11-04 06:15:07","ombro, dorsal, biceps, panturrilha","Seated Cable Rows","1","35","17","","","kg",
"2022-11-04 06:15:07","ombro, dorsal, biceps, panturrilha","Seated Cable Rows","2","40","17","","","kg",
"2022-11-04 06:15:07","ombro, dorsal, biceps, panturrilha","Seated Cable Rows","3","40","14","","","kg",
"2022-11-04 06:15:07","ombro, dorsal, biceps, panturrilha","Seated Cable Rows","4","40","12","","","kg",
"2022-11-04 06:15:07","ombro, dorsal, biceps, panturrilha","Wide Grip Lat Pull Down","1","30","16","","","kg",
"2022-11-04 06:15:07","ombro, dorsal, biceps, panturrilha","Wide Grip Lat Pull Down","2","30","15","","","kg",
"2022-11-04 06:15:07","ombro, dorsal, biceps, panturrilha","Wide Grip Lat Pull Down","3","30","16","","","kg",
"2022-11-04 06:15:07","ombro, dorsal, biceps, panturrilha","Wide Grip Lat Pull Down","4","30","13","","","kg",
"2022-11-04 06:15:07","ombro, dorsal, biceps, panturrilha","Cable Hammer Curl","1","25","15","","","kg",
"2022-11-04 06:15:07","ombro, dorsal, biceps, panturrilha","Cable Hammer Curl","2","25","13","","","kg",
"2022-11-04 06:15:07","ombro, dorsal, biceps, panturrilha","Cable Hammer Curl","3","25","10","","","kg",
"2022-11-04 06:15:07","ombro, dorsal, biceps, panturrilha","Cable Hammer Curl","4","25","13","","","kg",
"2022-11-04 06:15:07","ombro, dorsal, biceps, panturrilha","Seated Calf Raise Machine","1","40","21","","","kg",
"2022-11-04 06:15:07","ombro, dorsal, biceps, panturrilha","Seated Calf Raise Machine","2","40","22","","","kg",
"2022-11-04 06:15:07","ombro, dorsal, biceps, panturrilha","Seated Calf Raise Machine","3","40","20","","","kg",
"2022-11-04 06:15:07","ombro, dorsal, biceps, panturrilha","Seated Calf Raise Machine","4","40","20","","","kg",
"2022-11-04 17:00:11","flexões ","Push Ups","1","","20","","","kg",
"2022-11-07 06:11:06","peito, triceps ","Barbell Bench Press","1","10","18","","","kg",
"2022-11-07 06:11:06","peito, triceps ","Barbell Bench Press","2","15","18","","","kg",
"2022-11-07 06:11:06","peito, triceps ","Barbell Bench Press","3","20","14","","","kg",
"2022-11-07 06:11:06","peito, triceps ","Barbell Bench Press","4","20","13","","","kg",
"2022-11-07 06:11:06","peito, triceps ","Incline Dumbbell Bench Press","1","16","16","","","kg",
"2022-11-07 06:11:06","peito, triceps ","Incline Dumbbell Bench Press","2","16","13","","","kg",
"2022-11-07 06:11:06","peito, triceps ","Incline Dumbbell Bench Press","3","16","12","","","kg",
"2022-11-07 06:11:06","peito, triceps ","Incline Dumbbell Bench Press","4","16","9","","","kg",
"2022-11-07 06:11:06","peito, triceps ","Butterfly Machine","1","20","18","","","kg",
"2022-11-07 06:11:06","peito, triceps ","Butterfly Machine","2","20","10","","","kg",
"2022-11-07 06:11:06","peito, triceps ","Butterfly Machine","3","20","12","","","kg",
"2022-11-07 06:11:06","peito, triceps ","Cable Crossover","1","15","7","","","kg",
"2022-11-07 06:11:06","peito, triceps ","Cable Crossover","2","10","15","","","kg",
"2022-11-07 06:11:06","peito, triceps ","Cable Crossover","3","10","16","","","kg",
"2022-11-07 06:11:06","peito, triceps ","Cable Triceps Pushdown","1","30","18","","","kg",
"2022-11-07 06:11:06","peito, triceps ","Cable Triceps Pushdown","2","35","12","","","kg",
"2022-11-07 06:11:06","peito, triceps ","Cable Triceps Pushdown","3","30","13","","","kg",
"2022-11-07 06:11:06","peito, triceps ","Cable Triceps Pushdown","4","30","13","","","kg",
"2022-11-07 06:11:06","peito, triceps ","Triceps Extensions With Barbell","1","5","15","","","kg",
"2022-11-07 06:11:06","peito, triceps ","Triceps Extensions With Barbell","2","7","10","","","kg",
"2022-11-07 06:11:06","peito, triceps ","Triceps Extensions With Barbell","3","7","10","","","kg",
"2022-11-07 06:11:06","peito, triceps ","Bent Over Two Arm Dumbbell Triceps Extension","1","5","16","","","kg",
"2022-11-07 06:11:06","peito, triceps ","Bent Over Two Arm Dumbbell Triceps Extension","2","5","14","","","kg",
"2022-11-07 06:11:06","peito, triceps ","Bent Over Two Arm Dumbbell Triceps Extension","3","5","14","","","kg",
"2022-11-07 06:11:06","peito, triceps ","Bent Over Two Arm Dumbbell Triceps Extension","4","5","14","","","kg",
"2022-11-13 10:26:57","flexões ","Push Ups","1","","32","","","kg",
"2022-11-14 17:23:53","dorsal, biceps, abdominal ","Wide Grip Lat Pull Down","1","20","35","","","kg",
"2022-11-14 17:23:53","dorsal, biceps, abdominal ","Wide Grip Lat Pull Down","2","30","20","","","kg",
"2022-11-14 17:23:53","dorsal, biceps, abdominal ","Wide Grip Lat Pull Down","3","30","13","","","kg",
"2022-11-14 17:23:53","dorsal, biceps, abdominal ","Wide Grip Lat Pull Down","4","30","11","","","kg",
"2022-11-14 17:23:53","dorsal, biceps, abdominal ","Seated Cable Rows","1","30","19","","","kg",
"2022-11-14 17:23:53","dorsal, biceps, abdominal ","Seated Cable Rows","2","35","13","","","kg",
"2022-11-14 17:23:53","dorsal, biceps, abdominal ","Seated Cable Rows","3","35","11","","","kg",
"2022-11-14 17:23:53","dorsal, biceps, abdominal ","Seated Cable Rows","4","35","14","","","kg",
"2022-11-14 17:23:53","dorsal, biceps, abdominal ","Bent Over Barbell Row","1","20","10","","","kg",
"2022-11-14 17:23:53","dorsal, biceps, abdominal ","Bent Over Barbell Row","2","15","12","","","kg",
"2022-11-14 17:23:53","dorsal, biceps, abdominal ","Bent Over Barbell Row","3","15","11","","","kg",
"2022-11-14 17:23:53","dorsal, biceps, abdominal ","Bent Over Barbell Row","4","15","10","","","kg",
"2022-11-14 17:23:53","dorsal, biceps, abdominal ","One Arm Dumbbell Row","1","14","10","","","kg",
"2022-11-14 17:23:53","dorsal, biceps, abdominal ","One Arm Dumbbell Row","2","14","10","","","kg",
"2022-11-14 17:23:53","dorsal, biceps, abdominal ","One Arm Dumbbell Row","3","14","10","","","kg",
"2022-11-14 17:23:53","dorsal, biceps, abdominal ","One Arm Dumbbell Row","4","14","10","","","kg",
"2022-11-14 17:23:53","dorsal, biceps, abdominal ","Alternating Dumbbell Bicep Curls","1","10","22","","","kg",
"2022-11-14 17:23:53","dorsal, biceps, abdominal ","Alternating Dumbbell Bicep Curls","2","10","10","","","kg",
"2022-11-14 17:23:53","dorsal, biceps, abdominal ","Alternating Dumbbell Bicep Curls","3","9","10","","","kg",
"2022-11-14 17:23:53","dorsal, biceps, abdominal ","Alternating Dumbbell Bicep Curls","4","8","12","","","kg",
"2022-11-14 17:23:53","dorsal, biceps, abdominal ","Cable Hammer Curl","1","35","7","","","kg",
"2022-11-14 17:23:53","dorsal, biceps, abdominal ","Cable Hammer Curl","2","30","5","","","kg",
"2022-11-14 17:23:53","dorsal, biceps, abdominal ","Cable Hammer Curl","3","25","5","","","kg",
"2022-11-14 17:23:53","dorsal, biceps, abdominal ","Cable Hammer Curl","4","20","6","","","kg",
"2022-11-14 17:23:53","dorsal, biceps, abdominal ","Cable Hammer Curl","5","35","5","","","kg",
"2022-11-14 17:23:53","dorsal, biceps, abdominal ","Cable Hammer Curl","6","30","4","","","kg",
"2022-11-14 17:23:53","dorsal, biceps, abdominal ","Cable Hammer Curl","7","25","4","","","kg",
"2022-11-14 17:23:53","dorsal, biceps, abdominal ","Cable Hammer Curl","8","20","5","","","kg",
"2022-11-14 17:23:53","dorsal, biceps, abdominal ","Cable Hammer Curl","9","20","9","","","kg",
"2022-11-14 17:23:53","dorsal, biceps, abdominal ","Plank","1","","","","00:01:29","",
"2022-11-14 17:23:53","dorsal, biceps, abdominal ","Plank","2","","","","00:01:11","",
"2022-11-14 17:23:53","dorsal, biceps, abdominal ","Plank","3","","","","00:00:45","",
"2022-11-14 17:23:53","dorsal, biceps, abdominal ","Plank","4","","","","00:00:45","",
"2022-11-16 06:11:49","perna, panturrilha ","Barbell Squat","1","20","15","","","kg",
"2022-11-16 06:11:49","perna, panturrilha ","Barbell Squat","2","20","15","","","kg",
"2022-11-16 06:11:49","perna, panturrilha ","Barbell Squat","3","25","13","","","kg",
"2022-11-16 06:11:49","perna, panturrilha ","Barbell Squat","4","25","12","","","kg",
"2022-11-16 06:11:49","perna, panturrilha ","Leg Extensions","1","50","29","","","kg",
"2022-11-16 06:11:49","perna, panturrilha ","Leg Extensions","2","60","19","","","kg",
"2022-11-16 06:11:49","perna, panturrilha ","Leg Extensions","3","70","12","","","kg",
"2022-11-16 06:11:49","perna, panturrilha ","Leg Extensions","4","70","12","","","kg",
"2022-11-16 06:11:49","perna, panturrilha ","Lying Leg Curl","1","35","24","","","kg",
"2022-11-16 06:11:49","perna, panturrilha ","Lying Leg Curl","2","40","11","","","kg",
"2022-11-16 06:11:49","perna, panturrilha ","Lying Leg Curl","3","40","11","","","kg",
"2022-11-16 06:11:49","perna, panturrilha ","Lying Leg Curl","4","40","8","","","kg",
"2022-11-16 06:11:49","perna, panturrilha ","Standing Barbell Calf Raise","1","30","20","","","kg",
"2022-11-16 06:11:49","perna, panturrilha ","Standing Barbell Calf Raise","2","30","24","","","kg",
"2022-11-16 06:11:49","perna, panturrilha ","Standing Barbell Calf Raise","3","30","24","","","kg",
"2022-11-16 06:11:49","perna, panturrilha ","Standing Barbell Calf Raise","4","30","24","","","kg",
"2022-11-20 13:16:09","Workout on the fly","Push Ups","1","","30","","","kg",
"2022-11-24 19:32:32","peito, triceps","Barbell Bench Press","1","10","35","","","kg",
"2022-11-24 19:32:32","peito, triceps","Barbell Bench Press","2","15","9","","","kg",
"2022-11-24 19:32:32","peito, triceps","Barbell Bench Press","3","15","11","","","kg",
"2022-11-24 19:32:32","peito, triceps","Barbell Bench Press","4","15","7","","","kg",
"2022-11-24 19:32:32","peito, triceps","Incline Dumbbell Bench Press","1","18","13","","","kg",
"2022-11-24 19:32:32","peito, triceps","Incline Dumbbell Bench Press","2","16","7","","","kg",
"2022-11-24 19:32:32","peito, triceps","Incline Dumbbell Bench Press","3","16","12","","","kg",
"2022-11-24 19:32:32","peito, triceps","Incline Dumbbell Bench Press","4","16","4","","","kg",
"2022-11-24 19:32:32","peito, triceps","Incline Dumbbell Bench Press","5","18","5","","","kg",
"2022-11-24 19:32:32","peito, triceps","Incline Dumbbell Bench Press","6","15","3","","","kg",
"2022-11-24 19:32:32","peito, triceps","Butterfly Machine","1","25","14","","","kg",
"2022-11-24 19:32:32","peito, triceps","Butterfly Machine","2","20","9","","","kg",
"2022-11-24 19:32:32","peito, triceps","Butterfly Machine","3","20","6","","","kg",
"2022-11-24 19:32:32","peito, triceps","Cable Triceps Pushdown","1","35","22","","","kg",
"2022-11-24 19:32:32","peito, triceps","Cable Triceps Pushdown","2","40","13","","","kg",
"2022-11-24 19:32:32","peito, triceps","Cable Triceps Pushdown","3","40","7","","","kg",
"2022-11-24 19:32:32","peito, triceps","Cable Triceps Pushdown","4","40","9","","","kg",
"2022-11-24 19:32:32","peito, triceps","Cable Triceps Pushdown","5","40","12","","","kg",
"2022-11-24 19:32:32","peito, triceps","Lateral Dumbbell Raises","1","9","15","","","kg",
"2022-11-24 19:32:32","peito, triceps","Lateral Dumbbell Raises","2","8","10","","","kg",
"2022-11-24 20:15:10","Workout on the fly","Treadmill","1","","","1.2","00:06:53","km",
"2022-11-25 13:35:54","dorsal, biceps, abdominal ","Wide Grip Lat Pull Down","1","25","30","","","kg",
"2022-11-25 13:35:54","dorsal, biceps, abdominal ","Wide Grip Lat Pull Down","2","35","11","","","kg",
"2022-11-25 13:35:54","dorsal, biceps, abdominal ","Wide Grip Lat Pull Down","3","35","16","","","kg",
"2022-11-25 13:35:54","dorsal, biceps, abdominal ","Wide Grip Lat Pull Down","4","40","7","","","kg",
"2022-11-25 13:35:54","dorsal, biceps, abdominal ","Seated Cable Rows","1","40","14","","","kg",
"2022-11-25 13:35:54","dorsal, biceps, abdominal ","Seated Cable Rows","2","40","15","","","kg",
"2022-11-25 13:35:54","dorsal, biceps, abdominal ","Seated Cable Rows","3","40","14","","","kg",
"2022-11-25 13:35:54","dorsal, biceps, abdominal ","Seated Cable Rows","4","50","9","","","kg",
"2022-11-25 13:35:54","dorsal, biceps, abdominal ","Bent Over Barbell Row","1","20","10","","","kg",
"2022-11-25 13:35:54","dorsal, biceps, abdominal ","Bent Over Barbell Row","2","20","10","","","kg",
"2022-11-25 13:35:54","dorsal, biceps, abdominal ","Bent Over Barbell Row","3","20","8","","","kg",
"2022-11-25 13:35:54","dorsal, biceps, abdominal ","One Arm Dumbbell Row","1","14","13","","","kg",
"2022-11-25 13:35:54","dorsal, biceps, abdominal ","One Arm Dumbbell Row","2","14","15","","","kg",
"2022-11-25 13:35:54","dorsal, biceps, abdominal ","One Arm Dumbbell Row","3","14","10","","","kg",
"2022-11-25 13:35:54","dorsal, biceps, abdominal ","One Arm Dumbbell Row","4","20","12","","","kg",
"2022-11-25 13:35:54","dorsal, biceps, abdominal ","Alternating Dumbbell Bicep Curls","1","12","18","","","kg",
"2022-11-25 13:35:54","dorsal, biceps, abdominal ","Alternating Dumbbell Bicep Curls","2","12","12","","","kg",
"2022-11-25 13:35:54","dorsal, biceps, abdominal ","Alternating Dumbbell Bicep Curls","3","10","12","","","kg",
"2022-11-25 13:35:54","dorsal, biceps, abdominal ","Alternating Dumbbell Bicep Curls","4","10","9","","","kg",
"2022-11-25 13:35:54","dorsal, biceps, abdominal ","Alternating Dumbbell Bicep Curls","5","9","12","","","kg",
"2022-11-25 13:35:54","dorsal, biceps, abdominal ","Cable Hammer Curl","1","40","6","","","kg",
"2022-11-25 13:35:54","dorsal, biceps, abdominal ","Cable Hammer Curl","2","35","5","","","kg",
"2022-11-25 13:35:54","dorsal, biceps, abdominal ","Cable Hammer Curl","3","40","7","","","kg",
"2022-11-25 13:35:54","dorsal, biceps, abdominal ","Cable Hammer Curl","4","35","4","","","kg",
"2022-11-25 13:35:54","dorsal, biceps, abdominal ","Cable Hammer Curl","5","40","5","","","kg",
"2022-11-25 13:35:54","dorsal, biceps, abdominal ","Cable Hammer Curl","6","35","3","","","kg",
"2022-11-25 13:35:54","dorsal, biceps, abdominal ","Cable Hammer Curl","7","35","6","","","kg",
"2022-11-25 13:35:54","dorsal, biceps, abdominal ","Cable Hammer Curl","8","30","4","","","kg",
"2022-11-25 13:35:54","dorsal, biceps, abdominal ","Plank","1","","","","00:01:02","",
"2022-11-25 13:35:54","dorsal, biceps, abdominal ","Plank","2","","","","00:01:05","",
"2022-11-25 13:35:54","dorsal, biceps, abdominal ","Plank","3","","","","00:00:20","",
"2022-11-25 13:35:54","dorsal, biceps, abdominal ","Treadmill","1","","","3.4","00:19:18","km",
"2022-11-26 10:05:20","perna","Leg Press","1","120","16","","","kg",
"2022-11-26 10:05:20","perna","Leg Press","2","120","35","","","kg",
"2022-11-26 10:05:20","perna","Leg Press","3","160","31","","","kg",
"2022-11-26 10:05:20","perna","Leg Press","4","200","15","","","kg",
"2022-11-26 10:05:20","perna","Leg Press","5","200","14","","","kg",
"2022-11-26 10:05:20","perna","Leg Press","6","200","11","","","kg",
"2022-11-26 10:05:20","perna","Leg Extensions","1","60","25","","","kg",
"2022-11-26 10:05:20","perna","Leg Extensions","2","60","20","","","kg",
"2022-11-26 10:05:20","perna","Leg Extensions","3","70","12","","","kg",
"2022-11-26 10:05:20","perna","Leg Extensions","4","90","13","","","kg",
"2022-11-26 10:05:20","perna","Lying Leg Curl","1","35","15","","","kg",
"2022-11-26 10:05:20","perna","Lying Leg Curl","2","35","11","","","kg",
"2022-11-26 10:05:20","perna","Lying Leg Curl","3","35","5","","","kg",
"2022-11-26 10:05:20","perna","Crunches","1","","40","","","kg",
"2022-11-26 10:05:20","perna","Crunches","2","","20","","","kg",
"2022-11-26 10:05:20","perna","Seated Leg Curl","1","60","25","","","kg",
"2022-11-26 10:05:20","perna","Seated Leg Curl","2","70","19","","","kg",
"2022-11-26 10:05:20","perna","Seated Leg Curl","3","70","13","","","kg",
"2022-11-28 21:05:31","peito, triceps, ombro","Decline Dumbbell Bench Press","1","14","25","","","kg",
"2022-11-28 21:05:31","peito, triceps, ombro","Decline Dumbbell Bench Press","2","16","13","","","kg",
"2022-11-28 21:05:31","peito, triceps, ombro","Decline Dumbbell Bench Press","3","16","15","","","kg",
"2022-11-28 21:05:31","peito, triceps, ombro","Decline Dumbbell Bench Press","4","18","12","","","kg",
"2022-11-28 21:05:31","peito, triceps, ombro","Decline Dumbbell Bench Press","5","20","12","","","kg",
"2022-11-28 21:05:31","peito, triceps, ombro","Decline Dumbbell Bench Press","6","20","10","","","kg",
"2022-11-28 21:05:31","peito, triceps, ombro","Decline Dumbbell Bench Press","7","20","8","","","kg",
"2022-11-28 21:05:31","peito, triceps, ombro","Butterfly Machine","1","20","9","","","kg",
"2022-11-28 21:05:31","peito, triceps, ombro","Butterfly Machine","2","25","12","","","kg",
"2022-11-28 21:05:31","peito, triceps, ombro","Butterfly Machine","3","25","8","","","kg",
"2022-11-28 21:05:31","peito, triceps, ombro","Butterfly Machine","4","20","12","","","kg",
"2022-11-28 21:05:31","peito, triceps, ombro","Butterfly Machine","5","20","10","","","kg",
"2022-11-28 21:05:31","peito, triceps, ombro","Butterfly Machine","6","20","10","","","kg",
"2022-11-28 21:05:31","peito, triceps, ombro","Butterfly Machine","7","15","13","","","kg",
"2022-11-28 21:05:31","peito, triceps, ombro","Butterfly Machine","8","15","10","","","kg",
"2022-11-28 21:05:31","peito, triceps, ombro","Butterfly Machine","9","15","10","","","kg",
"2022-11-28 21:05:31","peito, triceps, ombro","Cable Triceps Pushdown","1","40","12","","","kg",
"2022-11-28 21:05:31","peito, triceps, ombro","Cable Triceps Pushdown","2","40","9","","","kg",
"2022-11-28 21:05:31","peito, triceps, ombro","Cable Triceps Pushdown","3","50","8","","","kg",
"2022-11-28 21:05:31","peito, triceps, ombro","Cable Triceps Pushdown","4","40","9","","","kg",
"2022-11-28 21:05:31","peito, triceps, ombro","Cable Triceps Pushdown","5","40","12","","","kg",
"2022-11-28 21:05:31","peito, triceps, ombro","Cable Triceps Pushdown","6","50","8","","","kg",
"2022-11-28 21:05:31","peito, triceps, ombro","Cable Triceps Pushdown","7","50","12","","","kg",
"2022-11-28 21:05:31","peito, triceps, ombro","Cable Triceps Pushdown","8","50","10","","","kg",
"2022-11-28 21:05:31","peito, triceps, ombro","Lateral Dumbbell Raises","1","9","16","","","kg",
"2022-11-28 21:05:31","peito, triceps, ombro","Lateral Dumbbell Raises","2","10","12","","","kg",
"2022-11-28 21:05:31","peito, triceps, ombro","Lateral Dumbbell Raises","3","10","12","","","kg",
"2022-11-28 21:05:31","peito, triceps, ombro","Lateral Dumbbell Raises","4","10","13","","","kg",
"2022-11-28 21:05:31","peito, triceps, ombro","Arnold Press","1","12","9","","","kg",
"2022-11-28 21:05:31","peito, triceps, ombro","Arnold Press","2","12","9","","","kg",
"2022-11-28 21:05:31","peito, triceps, ombro","Dumbbell Shoulder Press","1","12","12","","","kg",
"2022-11-28 21:05:31","peito, triceps, ombro","Dumbbell Shoulder Press","2","12","13","","","kg",
"2022-11-29 16:13:05","dorsal, biceps, abdominal ","Wide Grip Lat Pull Down","1","30","25","","","kg",
"2022-11-29 16:13:05","dorsal, biceps, abdominal ","Wide Grip Lat Pull Down","2","35","18","","","kg",
"2022-11-29 16:13:05","dorsal, biceps, abdominal ","Wide Grip Lat Pull Down","3","40","10","","","kg",
"2022-11-29 16:13:05","dorsal, biceps, abdominal ","Wide Grip Lat Pull Down","4","40","9","","","kg",
"2022-11-29 16:13:05","dorsal, biceps, abdominal ","Seated Cable Rows","1","50","16","","","kg",
"2022-11-29 16:13:05","dorsal, biceps, abdominal ","Seated Cable Rows","2","60","13","","","kg",
"2022-11-29 16:13:05","dorsal, biceps, abdominal ","Seated Cable Rows","3","70","10","","","kg",
"2022-11-29 16:13:05","dorsal, biceps, abdominal ","Seated Cable Rows","4","70","12","","","kg",
"2022-11-29 16:13:05","dorsal, biceps, abdominal ","Bent Over Barbell Row","1","20","12","","","kg",
"2022-11-29 16:13:05","dorsal, biceps, abdominal ","Bent Over Barbell Row","2","20","12","","","kg",
"2022-11-29 16:13:05","dorsal, biceps, abdominal ","Bent Over Barbell Row","3","20","8","","","kg",
"2022-11-29 16:13:05","dorsal, biceps, abdominal ","Bent Over Barbell Row","4","20","10","","","kg",
"2022-11-29 16:13:05","dorsal, biceps, abdominal ","Cable Hammer Curl","1","40","7","","","kg",
"2022-11-29 16:13:05","dorsal, biceps, abdominal ","Cable Hammer Curl","2","35","7","","","kg",
"2022-11-29 16:13:05","dorsal, biceps, abdominal ","Plank","1","","","","00:02:41","",
"2022-11-29 16:13:05","dorsal, biceps, abdominal ","Plank","2","","","","00:01:14","",
"2022-11-29 16:13:05","dorsal, biceps, abdominal ","EZ Bar Curl","1","20","8","","","kg",
"2022-11-29 16:13:05","dorsal, biceps, abdominal ","EZ Bar Curl","2","20","8","","","kg",
"2022-11-29 16:13:05","dorsal, biceps, abdominal ","Cable Bicep Curl","1","35","8","","","kg",
"2022-11-29 16:13:05","dorsal, biceps, abdominal ","Cable Bicep Curl","2","35","8","","","kg",
"2022-11-29 16:13:05","dorsal, biceps, abdominal ","Cable Bicep Curl","3","30","8","","","kg",
"2022-12-01 16:42:50","perna","Leg Press","1","120","24","","","kg",
"2022-12-01 16:42:50","perna","Leg Press","2","120","16","","","kg",
"2022-12-01 16:42:50","perna","Leg Press","3","160","18","","","kg",
"2022-12-01 16:42:50","perna","Leg Press","4","200","20","","","kg",
"2022-12-01 16:42:50","perna","Leg Press","5","240","14","","","kg",
"2022-12-01 16:42:50","perna","Leg Press","6","240","13","","","kg",
"2022-12-01 16:42:50","perna","Barbell Squat","1","70","8","","","kg",
"2022-12-01 16:42:50","perna","Barbell Squat","2","70","10","","","kg",
"2022-12-01 16:42:50","perna","Barbell Squat","3","90","9","","","kg",
"2022-12-01 16:42:50","perna","Leg Extensions","1","70","20","","","kg",
"2022-12-01 16:42:50","perna","Leg Extensions","2","80","12","","","kg",
"2022-12-02 11:28:03","peito, triceps, ombro","Decline Dumbbell Bench Press","1","18","17","","","kg",
"2022-12-02 11:28:03","peito, triceps, ombro","Decline Dumbbell Bench Press","2","20","11","","","kg",
"2022-12-02 11:28:03","peito, triceps, ombro","Decline Dumbbell Bench Press","3","22","12","","","kg",
"2022-12-02 11:28:03","peito, triceps, ombro","Decline Dumbbell Bench Press","4","24","10","","","kg",
"2022-12-02 11:28:03","peito, triceps, ombro","Decline Dumbbell Bench Press","5","24","10","","","kg",
"2022-12-02 11:28:03","peito, triceps, ombro","Decline Dumbbell Bench Press","6","24","10","","","kg",
"2022-12-02 11:28:03","peito, triceps, ombro","Decline Dumbbell Bench Press","7","24","10","","","kg",
"2022-12-02 11:28:03","peito, triceps, ombro","Decline Dumbbell Bench Press","8","24","10","","","kg",
"2022-12-02 11:28:03","peito, triceps, ombro","Decline Dumbbell Bench Press","9","24","8","","","kg",
"2022-12-02 11:28:03","peito, triceps, ombro","Decline Dumbbell Bench Press","10","24","8","","","kg",
"2022-12-02 11:28:03","peito, triceps, ombro","Butterfly Machine","1","20","12","","","kg",
"2022-12-02 11:28:03","peito, triceps, ombro","Butterfly Machine","2","25","14","","","kg",
"2022-12-02 11:28:03","peito, triceps, ombro","Butterfly Machine","3","25","10","","","kg",
"2022-12-02 11:28:03","peito, triceps, ombro","Butterfly Machine","4","25","14","","","kg",
"2022-12-02 11:28:03","peito, triceps, ombro","Butterfly Machine","5","25","12","","","kg",
"2022-12-02 11:28:03","peito, triceps, ombro","Butterfly Machine","6","25","10","","","kg",
"2022-12-02 11:28:03","peito, triceps, ombro","Bent Over Two Arm Dumbbell Triceps Extension","1","6","15","","","kg",
"2022-12-02 11:28:03","peito, triceps, ombro","Bent Over Two Arm Dumbbell Triceps Extension","2","7","11","","","kg",
"2022-12-02 11:28:03","peito, triceps, ombro","Bent Over Two Arm Dumbbell Triceps Extension","3","7","11","","","kg",
"2022-12-02 11:28:03","peito, triceps, ombro","Bent Over Two Arm Dumbbell Triceps Extension","4","7","10","","","kg",
"2022-12-02 11:28:03","peito, triceps, ombro","Cable Triceps Pushdown","1","40","13","","","kg",
"2022-12-02 11:28:03","peito, triceps, ombro","Cable Triceps Pushdown","2","40","11","","","kg",
"2022-12-02 11:28:03","peito, triceps, ombro","Cable Triceps Pushdown","3","50","8","","","kg",
"2022-12-02 11:28:03","peito, triceps, ombro","Cable Triceps Pushdown","4","50","12","","","kg",
"2022-12-02 11:28:03","peito, triceps, ombro","Cable Triceps Pushdown","5","60","6","","","kg",
"2022-12-02 11:28:03","peito, triceps, ombro","Cable Triceps Pushdown","6","50","8","","","kg",
"2022-12-02 11:28:03","peito, triceps, ombro","Lateral Dumbbell Raises","1","9","12","","","kg",
"2022-12-02 11:28:03","peito, triceps, ombro","Lateral Dumbbell Raises","2","9","10","","","kg",
"2022-12-02 11:28:03","peito, triceps, ombro","Lateral Dumbbell Raises","3","9","9","","","kg",
"2022-12-02 11:28:03","peito, triceps, ombro","Lateral Dumbbell Raises","4","9","10","","","kg",
"2022-12-03 10:14:08","dorsal, biceps, abdominal ","Wide Grip Lat Pull Down","1","35","19","","","kg",
"2022-12-03 10:14:08","dorsal, biceps, abdominal ","Wide Grip Lat Pull Down","2","35","15","","","kg",
"2022-12-03 10:14:08","dorsal, biceps, abdominal ","Wide Grip Lat Pull Down","3","35","12","","","kg",
"2022-12-03 10:14:08","dorsal, biceps, abdominal ","Wide Grip Lat Pull Down","4","35","15","","","kg",
"2022-12-03 10:14:08","dorsal, biceps, abdominal ","Wide Grip Lat Pull Down","5","40","12","","","kg",
"2022-12-03 10:14:08","dorsal, biceps, abdominal ","Wide Grip Lat Pull Down","6","40","9","","","kg",
"2022-12-03 10:14:08","dorsal, biceps, abdominal ","Seated Cable Rows","1","50","19","","","kg",
"2022-12-03 10:14:08","dorsal, biceps, abdominal ","Seated Cable Rows","2","60","13","","","kg",
"2022-12-03 10:14:08","dorsal, biceps, abdominal ","Seated Cable Rows","3","70","8","","","kg",
"2022-12-03 10:14:08","dorsal, biceps, abdominal ","Seated Cable Rows","4","60","11","","","kg",
"2022-12-03 10:14:08","dorsal, biceps, abdominal ","Bent Over Barbell Row","1","60","7","","","kg",
"2022-12-03 10:14:08","dorsal, biceps, abdominal ","Bent Over Barbell Row","2","60","10","","","kg",
"2022-12-03 10:14:08","dorsal, biceps, abdominal ","Bent Over Barbell Row","3","60","8","","","kg",
"2022-12-03 10:14:08","dorsal, biceps, abdominal ","Bent Over Barbell Row","4","60","7","","","kg",
"2022-12-03 10:14:08","dorsal, biceps, abdominal ","One Arm Dumbbell Row","1","16","10","","","kg",
"2022-12-03 10:14:08","dorsal, biceps, abdominal ","One Arm Dumbbell Row","2","16","10","","","kg",
"2022-12-03 10:14:08","dorsal, biceps, abdominal ","One Arm Dumbbell Row","3","16","8","","","kg",
"2022-12-03 10:14:08","dorsal, biceps, abdominal ","EZ Bar Curl","1","20","9","","","kg",
"2022-12-03 10:14:08","dorsal, biceps, abdominal ","EZ Bar Curl","2","20","8","","","kg",
"2022-12-03 10:14:08","dorsal, biceps, abdominal ","EZ Bar Curl","3","20","8","","","kg",
"2022-12-03 10:14:08","dorsal, biceps, abdominal ","EZ Bar Curl","4","20","8","","","kg",
"2022-12-03 10:14:08","dorsal, biceps, abdominal ","Cable Hammer Curl","1","40","9","","","kg",
"2022-12-03 10:14:08","dorsal, biceps, abdominal ","Cable Hammer Curl","2","35","11","","","kg",
"2022-12-03 10:14:08","dorsal, biceps, abdominal ","Cable Hammer Curl","3","35","8","","","kg",
"2022-12-03 10:14:08","dorsal, biceps, abdominal ","Cable Hammer Curl","4","35","6","","","kg",
"2022-12-03 10:14:08","dorsal, biceps, abdominal ","Lateral Dumbbell Raises","1","10","12","","","kg",
"2022-12-03 10:14:08","dorsal, biceps, abdominal ","Lateral Dumbbell Raises","2","16","11","","","kg",
"2022-12-03 10:14:08","dorsal, biceps, abdominal ","Lateral Dumbbell Raises","3","10","7","","","kg",
"2022-12-03 10:14:08","dorsal, biceps, abdominal ","Lateral Dumbbell Raises","4","4","6","","","kg",
"2022-12-03 10:14:08","dorsal, biceps, abdominal ","Lateral Dumbbell Raises","5","16","9","","","kg",
"2022-12-03 10:14:08","dorsal, biceps, abdominal ","Lateral Dumbbell Raises","6","10","4","","","kg",
"2022-12-03 10:14:08","dorsal, biceps, abdominal ","Lateral Dumbbell Raises","7","4","6","","","kg",
"2022-12-03 10:14:08","dorsal, biceps, abdominal ","Lateral Dumbbell Raises","8","10","10","","","kg",
"2022-12-03 10:14:08","dorsal, biceps, abdominal ","Lateral Dumbbell Raises","9","4","8","","","kg",
"2022-12-03 10:14:08","dorsal, biceps, abdominal ","Plank","1","","","","00:01:43","",
"2022-12-03 10:14:08","dorsal, biceps, abdominal ","Plank","2","","","","00:01:20","",
"2022-12-03 10:14:08","dorsal, biceps, abdominal ","Plank","3","","","","00:01:47","",
"2022-12-03 10:14:08","dorsal, biceps, abdominal ","Treadmill","1","","","","00:10:30","km",
"2022-12-03 10:14:08","dorsal, biceps, abdominal ","Elliptical","1","","","","00:01:20","km",
"2022-12-07 06:32:08","Ombro day","Lateral Dumbbell Raises","1","9","16","","","kg",
"2022-12-07 06:32:08","Ombro day","Lateral Dumbbell Raises","2","10","11","","","kg",
"2022-12-07 06:32:08","Ombro day","Lateral Dumbbell Raises","3","10","10","","","kg",
"2022-12-07 06:32:08","Ombro day","Lateral Dumbbell Raises","4","10","12","","","kg",
"2022-12-07 06:32:08","Ombro day","Lateral Dumbbell Raises","5","10","12","","","kg",
"2022-12-07 06:32:08","Ombro day","Lateral Dumbbell Raises","6","10","10","","","kg",
"2022-12-07 06:32:08","Ombro day","Lateral Dumbbell Raises","7","10","10","","","kg",
"2022-12-07 06:32:08","Ombro day","Lateral Dumbbell Raises","8","10","11","","","kg",
"2022-12-07 06:32:08","Ombro day","Lateral Dumbbell Raises","9","10","10","","","kg",
"2022-12-07 06:32:08","Ombro day","Lateral Dumbbell Raises","10","10","8","","","kg",
"2022-12-07 06:32:08","Ombro day","Seated Bent Over Rear Delt Raise","1","4","10","","","kg",
"2022-12-07 06:32:08","Ombro day","Seated Bent Over Rear Delt Raise","2","4","16","","","kg",
"2022-12-07 06:32:08","Ombro day","Seated Bent Over Rear Delt Raise","3","4","14","","","kg",
"2022-12-09 10:41:30","Arm day","EZ Bar Curl","1","10","20","","","kg",
"2022-12-09 10:41:30","Arm day","EZ Bar Curl","2","10","20","","","kg",
"2022-12-09 10:41:30","Arm day","EZ Bar Curl","3","10","20","","","kg",
"2022-12-09 10:41:30","Arm day","EZ Bar Curl","4","20","9","","","kg",
"2022-12-09 10:41:30","Arm day","EZ Bar Curl","5","20","9","","","kg",
"2022-12-09 10:41:30","Arm day","EZ Bar Curl","6","20","10","","","kg",
"2022-12-09 10:41:30","Arm day","Cable Hammer Curl","1","40","9","","","kg",
"2022-12-09 10:41:30","Arm day","Cable Hammer Curl","2","40","7","","","kg",
"2022-12-09 10:41:30","Arm day","Cable Hammer Curl","3","35","6","","","kg",
"2022-12-09 10:41:30","Arm day","Cable Hammer Curl","4","35","6","","","kg",
"2022-12-09 10:41:30","Arm day","Triceps Dips","1","","11","","","kg",
"2022-12-09 10:41:30","Arm day","Triceps Dips","2","","8","","","kg",
"2022-12-09 10:41:30","Arm day","Triceps Dips","3","","9","","","kg",
"2022-12-09 10:41:30","Arm day","Triceps Dips","4","","11","","","kg",
"2022-12-09 10:41:30","Arm day","Cable Triceps Pushdown","1","50","11","","","kg",
"2022-12-09 10:41:30","Arm day","Cable Triceps Pushdown","2","50","10","","","kg",
"2022-12-09 10:41:30","Arm day","Cable Triceps Pushdown","3","50","8","","","kg",
"2022-12-09 10:41:30","Arm day","Cable Triceps Pushdown","4","50","12","","","kg",
"2022-12-09 10:41:30","Arm day","Bent Over Two Arm Dumbbell Triceps Extension","1","7.5","12","","","kg",
"2022-12-09 10:41:30","Arm day","Bent Over Two Arm Dumbbell Triceps Extension","2","7.5","10","","","kg",
"2022-12-09 10:41:30","Arm day","Bent Over Two Arm Dumbbell Triceps Extension","3","7.5","8","","","kg",
"2022-12-09 10:41:30","Arm day","Bent Over Two Arm Dumbbell Triceps Extension","4","7.5","8","","","kg",
"2022-12-14 19:40:41","Batata day","Seated Calf Raise Machine","1","40","20","","","kg",
"2022-12-14 19:40:41","Batata day","Seated Calf Raise Machine","2","40","20","","","kg",
"2022-12-14 19:40:41","Batata day","Seated Calf Raise Machine","3","40","20","","","kg",
"2022-12-14 19:40:41","Batata day","Seated Calf Raise Machine","4","80","9","","","kg",
"2022-12-14 19:40:41","Batata day","Seated Calf Raise Machine","5","80","9","","","kg",
"2022-12-14 19:40:41","Batata day","Seated Calf Raise Machine","6","80","12","","","kg",
"2022-12-14 19:40:41","Batata day","Standing Barbell Calf Raise","1","80","12","","","kg",
"2022-12-14 19:40:41","Batata day","Standing Barbell Calf Raise","2","80","13","","","kg",
"2022-12-14 19:40:41","Batata day","Standing Barbell Calf Raise","3","80","12","","","kg",
"2022-12-14 19:40:41","Batata day","Standing Barbell Calf Raise","4","100","8","","","kg",
"2022-12-14 19:40:41","Batata day","Standing Barbell Calf Raise","5","100","3","","","kg",
"2022-12-15 15:54:58","Ombro day","Lateral Dumbbell Raises","1","10","14","","","kg",
"2022-12-15 15:54:58","Ombro day","Lateral Dumbbell Raises","2","10","8","","","kg",
"2022-12-15 15:54:58","Ombro day","Lateral Dumbbell Raises","3","10","12","","","kg",
"2022-12-15 15:54:58","Ombro day","Lateral Dumbbell Raises","4","10","11","","","kg",
"2022-12-15 15:54:58","Ombro day","Lateral Dumbbell Raises","5","10","10","","","kg",
"2022-12-15 15:54:58","Ombro day","Lateral Dumbbell Raises","6","10","12","","","kg",
"2022-12-15 15:54:58","Ombro day","Lateral Dumbbell Raises","7","10","13","","","kg",
"2022-12-15 15:54:58","Ombro day","Lateral Dumbbell Raises","8","10","12","","","kg",
"2022-12-15 15:54:58","Ombro day","Lateral Dumbbell Raises","9","10","12","","","kg",
"2022-12-15 15:54:58","Ombro day","Lateral Dumbbell Raises","10","10","10","","","kg",
"2022-12-15 15:54:58","Ombro day","Seated Bent Over Rear Delt Raise","1","6","10","","","kg",
"2022-12-15 15:54:58","Ombro day","Seated Bent Over Rear Delt Raise","2","6","9","","","kg",
"2022-12-15 15:54:58","Ombro day","Seated Bent Over Rear Delt Raise","3","6","11","","","kg",
"2022-12-15 15:54:58","Ombro day","Dumbbell Shoulder Press","1","16","8","","","kg",
"2022-12-15 15:54:58","Ombro day","Dumbbell Shoulder Press","2","16","7","","","kg",
"2022-12-15 15:54:58","Ombro day","Dumbbell Shoulder Press","3","14","7","","","kg",
"2022-12-16 01:11:11","Workout 1","Push Ups","1","","19","","","kg",
"2022-12-16 01:11:11","Workout 1","Plank","1","","","","00:01:06","",
"2022-12-16 19:08:13","Arm day","EZ Bar Curl","1","14","20","","","kg",
"2022-12-16 19:08:13","Arm day","EZ Bar Curl","2","14","14","","","kg",
"2022-12-16 19:08:13","Arm day","EZ Bar Curl","3","14","13","","","kg",
"2022-12-16 19:08:13","Arm day","EZ Bar Curl","4","20","8","","","kg",
"2022-12-16 19:08:13","Arm day","EZ Bar Curl","5","20","8","","","kg",
"2022-12-16 19:08:13","Arm day","EZ Bar Curl","6","20","8","","","kg",
"2022-12-16 19:08:13","Arm day","Cable Hammer Curl","1","40","10","","","kg",
"2022-12-16 19:08:13","Arm day","Cable Hammer Curl","2","40","9","","","kg",
"2022-12-16 19:08:13","Arm day","Cable Hammer Curl","3","40","12","","","kg",
"2022-12-16 19:08:13","Arm day","Cable Hammer Curl","4","10","6","","","kg",
"2022-12-16 19:08:13","Arm day","Cable Hammer Curl","5","40","6","","","kg",
"2022-12-16 19:08:13","Arm day","Lateral Dumbbell Raises","1","10","10","","","kg",
"2022-12-16 19:08:13","Arm day","Lateral Dumbbell Raises","2","10","9","","","kg",
"2022-12-16 19:08:13","Arm day","Lateral Dumbbell Raises","3","10","9","","","kg",
"2022-12-16 19:08:13","Arm day","Lateral Dumbbell Raises","4","10","8","","","kg",
"2022-12-16 19:08:13","Arm day","Cable Bicep Curl","1","40","8","","","kg",
"2022-12-16 19:08:13","Arm day","Cable Bicep Curl","2","40","8","","","kg",
"2022-12-16 19:08:13","Arm day","Cable Bicep Curl","3","30","5","","","kg",
"2022-12-16 19:08:13","Arm day","Cable Bicep Curl","4","30","7","","","kg",
"2022-12-16 19:08:13","Arm day","Cable Bicep Curl","5","25","9","","","kg",
"2022-12-16 19:08:13","Arm day","Alternating Dumbbell Bicep Curls","1","7","8","","","kg",
"2022-12-16 19:08:13","Arm day","Alternating Dumbbell Bicep Curls","2","7","8","","","kg",
"2022-12-16 19:08:13","Arm day","Alternating Dumbbell Bicep Curls","3","6","8","","","kg",
"2022-12-16 19:08:13","Arm day","Alternating Dumbbell Bicep Curls","4","6","10","","","kg",
"2022-12-16 19:08:13","Arm day","Triceps Dips","1","","12","","","kg",
"2022-12-16 19:08:13","Arm day","Triceps Dips","2","","10","","","kg",
"2022-12-16 19:08:13","Arm day","Triceps Dips","3","","13","","","kg",
"2022-12-16 19:08:13","Arm day","Triceps Dips","4","","6","","","kg",
"2022-12-16 19:08:13","Arm day","Cable Triceps Pushdown","1","50","10","","","kg",
"2022-12-16 19:08:13","Arm day","Cable Triceps Pushdown","2","50","11","","","kg",
"2022-12-16 19:08:13","Arm day","Cable Triceps Pushdown","3","50","6","","","kg",
"2022-12-16 19:08:13","Arm day","Cable Triceps Pushdown","4","40","11","","","kg",
"2022-12-16 19:08:13","Arm day","Cable Triceps Pushdown","5","40","11","","","kg",
"2022-12-16 19:08:13","Arm day","Bent Over Two Arm Dumbbell Triceps Extension","1","9","7","","","kg",
"2022-12-16 19:08:13","Arm day","Bent Over Two Arm Dumbbell Triceps Extension","2","8","10","","","kg",
"2022-12-16 19:08:13","Arm day","Bent Over Two Arm Dumbbell Triceps Extension","3","8","10","","","kg",
"2022-12-16 19:08:13","Arm day","Bent Over Two Arm Dumbbell Triceps Extension","4","8","10","","","kg",
"2022-12-16 19:08:13","Arm day","Lateral Dumbbell Raises","1","12","10","","","kg",
"2022-12-16 19:08:13","Arm day","Lateral Dumbbell Raises","2","12","10","","","kg",
"2022-12-16 19:08:13","Arm day","Lateral Dumbbell Raises","3","12","7","","","kg",
"2022-12-16 19:08:13","Arm day","Lateral Dumbbell Raises","4","10","6","","","kg",
"2022-12-16 19:08:13","Arm day","Lateral Dumbbell Raises","5","9","5","","","kg",
"2022-12-16 19:08:13","Arm day","Hanging Knee Raise","1","","11","","","kg",
"2022-12-16 19:08:13","Arm day","Decline Crunch","1","","20","","","kg",
"2022-12-16 19:08:13","Arm day","Decline Crunch","2","","20","","","kg",
"2022-12-16 19:08:13","Arm day","Crunches","1","","30","","","kg",
"2022-12-16 19:08:13","Arm day","Crunches","2","","40","","","kg",
"2022-12-16 19:08:13","Arm day","Plank","1","","","","00:01:15","",
"2022-12-17 10:12:55","Perna Day","Barbell Squat","1","60","12","","","kg",
"2022-12-17 10:12:55","Perna Day","Barbell Squat","2","60","13","","","kg",
"2022-12-17 10:12:55","Perna Day","Barbell Squat","3","80","12","","","kg",
"2022-12-17 10:12:55","Perna Day","Barbell Squat","4","80","14","","","kg",
"2022-12-17 10:12:55","Perna Day","Barbell Squat","5","100","5","","","kg",
"2022-12-17 10:12:55","Perna Day","Leg Press","1","140","14","","","kg",
"2022-12-17 10:12:55","Perna Day","Leg Press","2","140","15","","","kg",
"2022-12-17 10:12:55","Perna Day","Leg Press","3","160","12","","","kg",
"2022-12-17 10:12:55","Perna Day","Leg Press","4","180","14","","","kg",
"2022-12-17 10:12:55","Perna Day","Leg Press","5","200","15","","","kg",
"2022-12-17 10:12:55","Perna Day","Leg Press","6","240","10","","","kg",
"2022-12-17 10:12:55","Perna Day","Leg Extensions","1","70","13","","","kg",
"2022-12-17 10:12:55","Perna Day","Leg Extensions","2","10","12","","","kg",
"2022-12-17 10:12:55","Perna Day","Leg Extensions","3","80","10","","","kg",
"2022-12-17 10:12:55","Perna Day","Leg Extensions","4","90","12","","","kg",
"2022-12-17 10:12:55","Perna Day","Leg Extensions","5","100","9","","","kg",
"2022-12-17 10:12:55","Perna Day","Leg Extensions","6","100","10","","","kg",
"2022-12-17 10:12:55","Perna Day","Lying Leg Curl","1","50","11","","","kg",
"2022-12-17 10:12:55","Perna Day","Lying Leg Curl","2","50","8","","","kg",
"2022-12-17 10:12:55","Perna Day","Lying Leg Curl","3","45","8","","","kg",
"2022-12-17 10:12:55","Perna Day","Lying Leg Curl","4","45","6","","","kg",
"2022-12-17 10:12:55","Perna Day","Seated Leg Curl","1","80","9","","","kg",
"2022-12-17 10:12:55","Perna Day","Seated Leg Curl","2","80","10","","","kg",
"2022-12-17 10:12:55","Perna Day","Seated Leg Curl","3","90","9","","","kg",
"2022-12-17 10:12:55","Perna Day","Seated Leg Curl","4","100","2","","","kg",
"2022-12-17 10:12:55","Perna Day","Decline Crunch","1","","25","","","kg",
"2022-12-17 10:12:55","Perna Day","Decline Crunch","2","","15","","","kg",
"2022-12-17 10:12:55","Perna Day","Hanging Knee Raise","1","","16","","","kg",
"2022-12-17 10:12:55","Perna Day","Hanging Knee Raise","2","","20","","","kg",
"2022-12-17 10:12:55","Perna Day","Hanging Knee Raise","3","","15","","","kg",
"2022-12-17 10:12:55","Perna Day","Plank","1","","","","00:02:03","",
"2022-12-17 10:12:55","Perna Day","Plank","2","","","","00:01:11","",
"2022-12-19 19:51:36","Peito","Push Ups","1","","26","","","kg",
"2022-12-19 19:51:36","Peito","Push Ups","2","","12","","","kg",
"2022-12-19 19:51:36","Peito","Push Ups","3","","10","","","kg",
"2022-12-19 19:51:36","Peito","Decline Dumbbell Bench Press","1","26","4","","","kg",
"2022-12-19 19:51:36","Peito","Decline Dumbbell Bench Press","2","26","4","","","kg",
"2022-12-19 19:51:36","Peito","Decline Dumbbell Bench Press","3","18","11","","","kg",
"2022-12-19 19:51:36","Peito","Decline Dumbbell Bench Press","4","18","9","","","kg",
"2022-12-19 19:51:36","Peito","Decline Dumbbell Bench Press","5","18","10","","","kg",
"2022-12-19 19:51:36","Peito","Decline Dumbbell Bench Press","6","18","12","","","kg",
"2022-12-19 19:51:36","Peito","Decline Dumbbell Bench Press","7","20","11","","","kg",
"2022-12-19 19:51:36","Peito","Decline Dumbbell Bench Press","8","20","9","","","kg",
"2022-12-19 19:51:36","Peito","Decline Dumbbell Bench Press","9","20","8","","","kg",
"2022-12-19 19:51:36","Peito","Decline Dumbbell Bench Press","10","20","6","","","kg",
"2022-12-19 19:51:36","Peito","Butterfly Machine","1","20","14","","","kg",
"2022-12-19 19:51:36","Peito","Butterfly Machine","2","25","12","","","kg",
"2022-12-19 19:51:36","Peito","Butterfly Machine","3","25","13","","","kg",
"2022-12-19 19:51:36","Peito","Butterfly Machine","4","20","10","","","kg",
"2022-12-19 19:51:36","Peito","Crunches","1","","35","","","kg",
"2022-12-19 19:51:36","Peito","Crunches","2","","40","","","kg",
"2022-12-19 19:51:36","Peito","Crunches","3","","35","","","kg",
"2022-12-19 19:51:36","Peito","Plank","1","","","","00:01:40","",
"2022-12-19 19:51:36","Peito","Plank","2","","","","00:01:20","",
"2022-12-19 19:51:36","Peito","Plank","3","","","","00:01:30","",
"2022-12-19 19:51:36","Peito","Elliptical","1","","","","00:30:00","km",
"2022-12-20 07:35:57","Workout on the fly","Treadmill","1","","","","00:30:00","km",
"2022-12-20 16:09:40","Dorsal","Chin Ups","1","","7","","","kg",
"2022-12-20 16:09:40","Dorsal","Chin Ups","2","","5","","","kg",
"2022-12-20 16:09:40","Dorsal","Chin Ups","3","","4","","","kg",
"2022-12-20 16:09:40","Dorsal","Chin Ups","4","","3","","","kg",
"2022-12-20 16:09:40","Dorsal","Wide Grip Lat Pull Down","1","30","23","","","kg",
"2022-12-20 16:09:40","Dorsal","Wide Grip Lat Pull Down","2","35","16","","","kg",
"2022-12-20 16:09:40","Dorsal","Wide Grip Lat Pull Down","3","40","13","","","kg",
"2022-12-20 16:09:40","Dorsal","Wide Grip Lat Pull Down","4","50","9","","","kg",
"2022-12-20 16:09:40","Dorsal","Seated Cable Rows","1","60","17","","","kg",
"2022-12-20 16:09:40","Dorsal","Seated Cable Rows","2","70","12","","","kg",
"2022-12-20 16:09:40","Dorsal","Seated Cable Rows","3","70","15","","","kg",
"2022-12-20 16:09:40","Dorsal","Seated Cable Rows","4","80","15","","","kg",
"2022-12-20 16:09:40","Dorsal","Seated Cable Rows","5","80","10","","","kg",
"2022-12-20 16:09:40","Dorsal","Seated Cable Rows","6","80","10","","","kg",
"2022-12-20 16:09:40","Dorsal","Remada Cavalinho ","1","50","10","","","kg",
"2022-12-20 16:09:40","Dorsal","Remada Cavalinho ","2","50","11","","","kg",
"2022-12-20 16:09:40","Dorsal","Remada Cavalinho ","3","40","10","","","kg",
"2022-12-20 16:09:40","Dorsal","Remada Cavalinho ","4","40","14","","","kg",
"2022-12-21 06:41:39","Workout on the fly","Treadmill","1","","","","00:10:51","km",
"2022-12-21 06:41:39","Workout on the fly","Stationary Bike","1","","","","00:20:00","km",
"2022-12-21 14:16:00","Braço ","EZ Bar Curl","1","10","21","","","kg",
"2022-12-21 14:16:00","Braço ","EZ Bar Curl","2","14","15","","","kg",
"2022-12-21 14:16:00","Braço ","EZ Bar Curl","3","14","14","","","kg",
"2022-12-21 14:16:00","Braço ","EZ Bar Curl","4","18","12","","","kg",
"2022-12-21 14:16:00","Braço ","EZ Bar Curl","5","18","12","","","kg",
"2022-12-21 14:16:00","Braço ","EZ Bar Curl","6","18","13","","","kg",
"2022-12-21 14:16:00","Braço ","Cable Bicep Curl","1","50","12","","","kg",
"2022-12-21 14:16:00","Braço ","Cable Bicep Curl","2","50","9","","","kg",
"2022-12-21 14:16:00","Braço ","Cable Bicep Curl","3","50","9","","","kg",
"2022-12-21 14:16:00","Braço ","Cable Bicep Curl","4","40","9","","","kg",
"2022-12-21 14:16:00","Braço ","Alternating Dumbbell Hammer Curls","1","12","12","","","kg",
"2022-12-21 14:16:00","Braço ","Alternating Dumbbell Hammer Curls","2","10","14","","","kg",
"2022-12-21 14:16:00","Braço ","Alternating Dumbbell Hammer Curls","3","10","16","","","kg",
"2022-12-21 14:16:00","Braço ","Alternating Dumbbell Hammer Curls","4","10","14","","","kg",
"2022-12-21 14:16:00","Braço ","Cable Triceps Pushdown","1","50","16","","","kg",
"2022-12-21 14:16:00","Braço ","Cable Triceps Pushdown","2","60","12","","","kg",
"2022-12-21 14:16:00","Braço ","Cable Triceps Pushdown","3","60","8","","","kg",
"2022-12-21 14:16:00","Braço ","Cable Triceps Pushdown","4","55","10","","","kg",
"2022-12-21 14:16:00","Braço ","Triceps Dips","1","","10","","","kg",
"2022-12-21 14:16:00","Braço ","Triceps Dips","2","","7","","","kg",
"2022-12-21 14:16:00","Braço ","Triceps Dips","3","","6","","","kg",
"2022-12-21 14:16:00","Braço ","Triceps Dips","4","","8","","","kg",
"2022-12-21 14:16:00","Braço ","Bent Over Two Arm Dumbbell Triceps Extension","1","9","11","","","kg",
"2022-12-21 14:16:00","Braço ","Lying Barbell Triceps Press","1","10","9","","","kg",
"2022-12-21 14:16:00","Braço ","Lying Barbell Triceps Press","2","10","16","","","kg",
"2022-12-21 14:16:00","Braço ","Lying Barbell Triceps Press","3","10","7","","","kg",
"2022-12-21 14:16:00","Braço ","Lying Barbell Triceps Press","4","10","9","","","kg",
"2022-12-21 14:16:00","Braço ","Crunches","1","","40","","","kg",
"2022-12-21 14:16:00","Braço ","Crunches","2","","44","","","kg",
"2022-12-21 14:16:00","Braço ","Plank","1","","","","00:01:17","",
"2022-12-21 14:16:00","Braço ","Plank","2","","","","00:01:02","",
"2022-12-21 14:16:00","Braço ","Plank","3","","","","00:01:30","",
"2022-12-23 12:23:31","Workout 1","Push Ups","1","","32","","","kg",
"2022-12-23 12:23:31","Workout 1","Plank","1","","","","00:01:00","",
"2022-12-24 16:43:55","Workout on the fly","Push Ups","1","","25","","","kg",
"2022-12-24 16:43:55","Workout on the fly","Push Ups","2","","16","","","kg",
"2022-12-24 16:43:55","Workout on the fly","Push Ups","3","","22","","","kg",
"2022-12-24 16:43:55","Workout on the fly","Diamond Push Ups","1","","10","","","kg",
"2022-12-24 16:43:55","Workout on the fly","Plank","1","","","","00:01:13","",
"2022-12-24 16:43:55","Workout on the fly","Superman","1","","20","","","kg",
"2022-12-27 17:34:42","Peito, Ombro, Abdômen ","Push Ups","1","","23","","","kg",
"2022-12-27 17:34:42","Peito, Ombro, Abdômen ","Push Ups","2","","9","","","kg",
"2022-12-27 17:34:42","Peito, Ombro, Abdômen ","Push Ups","3","","10","","","kg",
"2022-12-27 17:34:42","Peito, Ombro, Abdômen ","Decline Dumbbell Bench Press","1","22","7","","","kg",
"2022-12-27 17:34:42","Peito, Ombro, Abdômen ","Decline Dumbbell Bench Press","2","22","10","","","kg",
"2022-12-27 17:34:42","Peito, Ombro, Abdômen ","Decline Dumbbell Bench Press","3","22","11","","","kg",
"2022-12-27 17:34:42","Peito, Ombro, Abdômen ","Decline Dumbbell Bench Press","4","22","8","","","kg",
"2022-12-27 17:34:42","Peito, Ombro, Abdômen ","Incline Dumbbell Fly","1","10","10","","","kg",
"2022-12-27 17:34:42","Peito, Ombro, Abdômen ","Incline Dumbbell Fly","2","10","10","","","kg",
"2022-12-27 17:34:42","Peito, Ombro, Abdômen ","Incline Dumbbell Fly","3","10","11","","","kg",
"2022-12-27 17:34:42","Peito, Ombro, Abdômen ","Incline Dumbbell Fly","4","10","9","","","kg",
"2022-12-27 17:34:42","Peito, Ombro, Abdômen ","Lateral Dumbbell Raises","1","10","17","","","kg",
"2022-12-27 17:34:42","Peito, Ombro, Abdômen ","Lateral Dumbbell Raises","2","14","8","","","kg",
"2022-12-27 17:34:42","Peito, Ombro, Abdômen ","Lateral Dumbbell Raises","3","10","6","","","kg",
"2022-12-27 17:34:42","Peito, Ombro, Abdômen ","Lateral Dumbbell Raises","4","12","7","","","kg",
"2022-12-27 17:34:42","Peito, Ombro, Abdômen ","Lateral Dumbbell Raises","5","10","8","","","kg",
"2022-12-27 17:34:42","Peito, Ombro, Abdômen ","Lateral Dumbbell Raises","6","4","6","","","kg",
"2022-12-27 17:34:42","Peito, Ombro, Abdômen ","Butterfly Machine","1","25","10","","","kg",
"2022-12-27 17:34:42","Peito, Ombro, Abdômen ","Butterfly Machine","2","25","9","","","kg",
"2022-12-27 17:34:42","Peito, Ombro, Abdômen ","Butterfly Machine","3","25","9","","","kg",
"2022-12-27 17:34:42","Peito, Ombro, Abdômen ","Butterfly Machine","4","20","9","","","kg",
"2022-12-27 17:34:42","Peito, Ombro, Abdômen ","Plank","1","","","","00:01:15","",
"2022-12-27 17:34:42","Peito, Ombro, Abdômen ","Plank","2","","","","00:01:30","",
"2022-12-27 17:34:42","Peito, Ombro, Abdômen ","Plank","3","","","","00:01:35","",
"2022-12-27 17:34:42","Peito, Ombro, Abdômen ","Crunches","1","","50","","","kg",
"2022-12-27 17:34:42","Peito, Ombro, Abdômen ","Crunches","2","","50","","","kg",
"2022-12-27 17:34:42","Peito, Ombro, Abdômen ","Crunches","3","","30","","","kg",
"2022-12-27 17:34:42","Peito, Ombro, Abdômen ","Crunches","4","","30","","","kg",
"2022-12-27 17:34:42","Peito, Ombro, Abdômen ","Flat Bench Leg Raises","1","","25","","","kg",
"2022-12-28 16:50:16","Dorsal, Ombro","Chin Ups","1","","5","","","kg",
"2022-12-28 16:50:16","Dorsal, Ombro","Wide Grip Lat Pull Down","1","40","17","","","kg",
"2022-12-28 16:50:16","Dorsal, Ombro","Wide Grip Lat Pull Down","2","40","16","","","kg",
"2022-12-28 16:50:16","Dorsal, Ombro","Wide Grip Lat Pull Down","3","40","15","","","kg",
"2022-12-28 16:50:16","Dorsal, Ombro","Wide Grip Lat Pull Down","4","50","11","","","kg",
"2022-12-28 16:50:16","Dorsal, Ombro","Wide Grip Lat Pull Down","5","50","10","","","kg",
"2022-12-28 16:50:16","Dorsal, Ombro","Wide Grip Lat Pull Down","6","60","4","","","kg",
"2022-12-28 16:50:16","Dorsal, Ombro","Seated Cable Rows","1","60","10","","","kg",
"2022-12-28 16:50:16","Dorsal, Ombro","Seated Cable Rows","2","70","12","","","kg",
"2022-12-28 16:50:16","Dorsal, Ombro","Seated Cable Rows","3","70","7","","","kg",
"2022-12-28 16:50:16","Dorsal, Ombro","Barbell Deadlifts","1","80","10","","","kg",
"2022-12-28 16:50:16","Dorsal, Ombro","Barbell Deadlifts","2","120","2","","","kg",
"2022-12-28 16:50:16","Dorsal, Ombro","Barbell Deadlifts","3","100","5","","","kg",
"2022-12-28 16:50:16","Dorsal, Ombro","Barbell Deadlifts","4","100","7","","","kg",
"2022-12-28 16:50:16","Dorsal, Ombro","Barbell Deadlifts","5","80","6","","","kg",
"2022-12-28 16:50:16","Dorsal, Ombro","Cable Pullover ","1","40","18","","","kg",
"2022-12-28 16:50:16","Dorsal, Ombro","Cable Pullover ","2","50","4","","","kg",
"2022-12-28 16:50:16","Dorsal, Ombro","Cable Pullover ","3","40","8","","","kg",
"2022-12-28 16:50:16","Dorsal, Ombro","Remada Cavalinho ","1","50","8","","","kg",
"2022-12-28 16:50:16","Dorsal, Ombro","Remada Cavalinho ","2","60","7","","","kg",
"2022-12-28 16:50:16","Dorsal, Ombro","Remada Cavalinho ","3","70","4","","","kg",
"2022-12-28 16:50:16","Dorsal, Ombro","Remada Cavalinho ","4","60","10","","","kg","Drop"
"2022-12-28 16:50:16","Dorsal, Ombro","Lateral Dumbbell Raises","1","12","13","","","kg",
"2022-12-28 16:50:16","Dorsal, Ombro","Lateral Dumbbell Raises","2","12","10","","","kg",
"2022-12-28 16:50:16","Dorsal, Ombro","Lateral Dumbbell Raises","3","12","10","","","kg",
"2022-12-28 16:50:16","Dorsal, Ombro","Lateral Dumbbell Raises","4","12","8","","","kg",
"2022-12-28 16:50:16","Dorsal, Ombro","Lateral Dumbbell Raises","5","10","5","","","kg",
"2022-12-28 16:50:16","Dorsal, Ombro","Lateral Dumbbell Raises","6","12","8","","","kg",
"2022-12-28 16:50:16","Dorsal, Ombro","Lateral Dumbbell Raises","7","10","5","","","kg",
"2022-12-29 16:21:18","Perna, Panturrilha, Ombro","Leg Extensions","1","40","25","","","kg",
"2022-12-29 16:21:18","Perna, Panturrilha, Ombro","Leg Extensions","2","50","15","","","kg",
"2022-12-29 16:21:18","Perna, Panturrilha, Ombro","Leg Extensions","3","50","15","","","kg",
"2022-12-29 16:21:18","Perna, Panturrilha, Ombro","Leg Extensions","4","50","20","","","kg",
"2022-12-29 16:21:18","Perna, Panturrilha, Ombro","Leg Press","1","160","16","","","kg",
"2022-12-29 16:21:18","Perna, Panturrilha, Ombro","Leg Press","2","200","15","","","kg",
"2022-12-29 16:21:18","Perna, Panturrilha, Ombro","Leg Press","3","240","16","","","kg",
"2022-12-29 16:21:18","Perna, Panturrilha, Ombro","Leg Press","4","280","10","","","kg",
"2022-12-29 16:21:18","Perna, Panturrilha, Ombro","Leg Press","5","320","16","","","kg",
"2022-12-29 16:21:18","Perna, Panturrilha, Ombro","Leg Press","6","360","12","","","kg",
"2022-12-29 16:21:18","Perna, Panturrilha, Ombro","Standing Barbell Calf Raise","1","80","15","","","kg",
"2022-12-29 16:21:18","Perna, Panturrilha, Ombro","Standing Barbell Calf Raise","2","80","12","","","kg",
"2022-12-29 16:21:18","Perna, Panturrilha, Ombro","Standing Barbell Calf Raise","3","100","12","","","kg",
"2022-12-29 16:21:18","Perna, Panturrilha, Ombro","Standing Barbell Calf Raise","4","120","10","","","kg",
"2022-12-29 16:21:18","Perna, Panturrilha, Ombro","Standing Barbell Calf Raise","5","120","8","","","kg",
"2022-12-29 16:21:18","Perna, Panturrilha, Ombro","Standing Barbell Calf Raise","6","100","10","","","kg",
"2022-12-29 16:21:18","Perna, Panturrilha, Ombro","Standing Barbell Calf Raise","7","100","10","","","kg",
"2022-12-29 16:21:18","Perna, Panturrilha, Ombro","Standing Barbell Calf Raise","8","100","10","","","kg",
"2022-12-29 16:21:18","Perna, Panturrilha, Ombro","Standing Barbell Calf Raise","9","100","8","","","kg",
"2022-12-29 16:21:18","Perna, Panturrilha, Ombro","Standing Barbell Calf Raise","10","100","8","","","kg",
"2022-12-29 16:21:18","Perna, Panturrilha, Ombro","Lateral Dumbbell Raises","1","12","16","","","kg",
"2022-12-29 16:21:18","Perna, Panturrilha, Ombro","Lateral Dumbbell Raises","2","14","12","","","kg",
"2022-12-29 16:21:18","Perna, Panturrilha, Ombro","Lateral Dumbbell Raises","3","14","10","","","kg",
"2022-12-29 16:21:18","Perna, Panturrilha, Ombro","Lateral Dumbbell Raises","4","12","6","","","kg",
"2022-12-29 16:21:18","Perna, Panturrilha, Ombro","Lateral Dumbbell Raises","5","9","7","","","kg",
"2022-12-29 16:21:18","Perna, Panturrilha, Ombro","Lateral Dumbbell Raises","6","14","9","","","kg",
"2022-12-29 16:21:18","Perna, Panturrilha, Ombro","Lateral Dumbbell Raises","7","12","6","","","kg",
"2022-12-29 16:21:18","Perna, Panturrilha, Ombro","Lateral Dumbbell Raises","8","9","6","","","kg",
"2022-12-29 16:21:18","Perna, Panturrilha, Ombro","Lateral Dumbbell Raises","9","12","10","","","kg",
"2023-01-04 14:55:23","Peito, Ombro, Abdominal ","Decline Dumbbell Bench Press","1","22","16","","","kg",
"2023-01-04 14:55:23","Peito, Ombro, Abdominal ","Decline Dumbbell Bench Press","2","24","13","","","kg",
"2023-01-04 14:55:23","Peito, Ombro, Abdominal ","Decline Dumbbell Bench Press","3","22","14","","","kg",
"2023-01-04 14:55:23","Peito, Ombro, Abdominal ","Decline Dumbbell Bench Press","4","24","14","","","kg",
"2023-01-04 14:55:23","Peito, Ombro, Abdominal ","Decline Dumbbell Bench Press","5","26","8","","","kg",
"2023-01-04 14:55:23","Peito, Ombro, Abdominal ","Incline Dumbbell Bench Press","1","22","14","","","kg",
"2023-01-04 14:55:23","Peito, Ombro, Abdominal ","Incline Dumbbell Bench Press","2","22","7","","","kg",
"2023-01-04 14:55:23","Peito, Ombro, Abdominal ","Incline Dumbbell Bench Press","3","20","10","","","kg",
"2023-01-04 14:55:23","Peito, Ombro, Abdominal ","Incline Dumbbell Bench Press","4","20","8","","","kg",
"2023-01-04 14:55:23","Peito, Ombro, Abdominal ","Butterfly Machine","1","20","12","","","kg",
"2023-01-04 14:55:23","Peito, Ombro, Abdominal ","Butterfly Machine","2","20","10","","","kg",
"2023-01-04 14:55:23","Peito, Ombro, Abdominal ","Butterfly Machine","3","20","12","","","kg",
"2023-01-04 14:55:23","Peito, Ombro, Abdominal ","Butterfly Machine","4","25","7","","","kg",
"2023-01-04 14:55:23","Peito, Ombro, Abdominal ","Lateral Dumbbell Raises","1","12","18","","","kg",
"2023-01-04 14:55:23","Peito, Ombro, Abdominal ","Lateral Dumbbell Raises","2","14","8","","","kg",
"2023-01-04 14:55:23","Peito, Ombro, Abdominal ","Lateral Dumbbell Raises","3","14","11","","","kg",
"2023-01-04 14:55:23","Peito, Ombro, Abdominal ","Lateral Dumbbell Raises","4","12","16","","","kg",
"2023-01-04 14:55:23","Peito, Ombro, Abdominal ","Lateral Dumbbell Raises","5","12","15","","","kg",
"2023-01-04 14:55:23","Peito, Ombro, Abdominal ","Lateral Dumbbell Raises","6","12","12","","","kg",
"2023-01-04 14:55:23","Peito, Ombro, Abdominal ","Plank","1","","","","00:02:10","",
"2023-01-04 14:55:23","Peito, Ombro, Abdominal ","Plank","2","","","","00:01:00","",
"2023-01-04 14:55:23","Peito, Ombro, Abdominal ","Plank","3","","","","00:01:00","",
"2023-01-05 17:38:39","Dorsal, Lombar, Ombro","Chin Ups","1","","5","","","kg",
"2023-01-05 17:38:39","Dorsal, Lombar, Ombro","Wide Grip Lat Pull Down","1","50","11","","","kg",
"2023-01-05 17:38:39","Dorsal, Lombar, Ombro","Wide Grip Lat Pull Down","2","50","11","","","kg",
"2023-01-05 17:38:39","Dorsal, Lombar, Ombro","Wide Grip Lat Pull Down","3","50","13","","","kg",
"2023-01-05 17:38:39","Dorsal, Lombar, Ombro","Wide Grip Lat Pull Down","4","50","12","","","kg",
"2023-01-05 17:38:39","Dorsal, Lombar, Ombro","Wide Grip Lat Pull Down","5","60","6","","","kg",
"2023-01-05 17:38:39","Dorsal, Lombar, Ombro","Wide Grip Lat Pull Down","6","60","6","","","kg",
"2023-01-05 17:38:39","Dorsal, Lombar, Ombro","Seated Cable Rows","1","60","12","","","kg",
"2023-01-05 17:38:39","Dorsal, Lombar, Ombro","Seated Cable Rows","2","70","14","","","kg",
"2023-01-05 17:38:39","Dorsal, Lombar, Ombro","Seated Cable Rows","3","70","12","","","kg",
"2023-01-05 17:38:39","Dorsal, Lombar, Ombro","Seated Cable Rows","4","70","16","","","kg",
"2023-01-05 17:38:39","Dorsal, Lombar, Ombro","Seated Cable Rows","5","80","14","","","kg",
"2023-01-05 17:38:39","Dorsal, Lombar, Ombro","Seated Cable Rows","6","90","9","","","kg",
"2023-01-05 17:38:39","Dorsal, Lombar, Ombro","Seated Cable Rows","7","100","8","","","kg",
"2023-01-05 17:38:39","Dorsal, Lombar, Ombro","Dumbbell Deadlifts","1","32","8","","","kg",
"2023-01-05 17:38:39","Dorsal, Lombar, Ombro","Hyperextensions","1","20","18","","","kg",
"2023-01-05 17:38:39","Dorsal, Lombar, Ombro","Hyperextensions","2","20","11","","","kg",
"2023-01-05 17:38:39","Dorsal, Lombar, Ombro","Hyperextensions","3","20","10","","","kg",
"2023-01-05 17:38:39","Dorsal, Lombar, Ombro","Hyperextensions","4","20","12","","","kg",
"2023-01-05 17:38:39","Dorsal, Lombar, Ombro","Seated Shoulder Press Machine","1","20","16","","","kg",
"2023-01-05 17:38:39","Dorsal, Lombar, Ombro","Seated Shoulder Press Machine","2","30","4","","","kg",
"2023-01-05 17:38:39","Dorsal, Lombar, Ombro","Seated Shoulder Press Machine","3","30","6","","","kg",
"2023-01-05 17:38:39","Dorsal, Lombar, Ombro","Seated Shoulder Press Machine","4","30","4","","","kg",
"2023-01-05 17:38:39","Dorsal, Lombar, Ombro","Seated Shoulder Press Machine","5","20","5","","","kg",
"2023-01-05 17:38:39","Dorsal, Lombar, Ombro","Lateral Dumbbell Raises","1","14","10","","","kg",
"2023-01-05 17:38:39","Dorsal, Lombar, Ombro","Lateral Dumbbell Raises","2","14","10","","","kg",
"2023-01-05 17:38:39","Dorsal, Lombar, Ombro","Lateral Dumbbell Raises","3","14","9","","","kg",
"2023-01-05 17:38:39","Dorsal, Lombar, Ombro","Lateral Dumbbell Raises","4","14","8","","","kg",
"2023-01-05 17:38:39","Dorsal, Lombar, Ombro","Lateral Dumbbell Raises","5","12","10","","","kg",
"2023-01-05 17:38:39","Dorsal, Lombar, Ombro","Lateral Dumbbell Raises","6","12","9","","","kg",
"2023-01-05 17:38:39","Dorsal, Lombar, Ombro","Lateral Dumbbell Raises","7","10","12","","","kg",
"2023-01-06 16:25:35","Braço, Abdominal","EZ Bar Curl","1","20","12","","","kg",
"2023-01-06 16:25:35","Braço, Abdominal","EZ Bar Curl","2","20","12","","","kg",
"2023-01-06 16:25:35","Braço, Abdominal","EZ Bar Curl","3","20","12","","","kg",
"2023-01-06 16:25:35","Braço, Abdominal","EZ Bar Curl","4","20","8","","","kg",
"2023-01-06 16:25:35","Braço, Abdominal","EZ Bar Curl","5","20","8","","","kg",
"2023-01-06 16:25:35","Braço, Abdominal","Alternating Dumbbell Hammer Curls","1","10","26","","","kg",
"2023-01-06 16:25:35","Braço, Abdominal","Alternating Dumbbell Hammer Curls","2","14","16","","","kg",
"2023-01-06 16:25:35","Braço, Abdominal","Alternating Dumbbell Hammer Curls","3","14","14","","","kg",
"2023-01-06 16:25:35","Braço, Abdominal","Cable Bicep Curl","1","60","4","","","kg",
"2023-01-06 16:25:35","Braço, Abdominal","Cable Bicep Curl","2","50","9","","","kg",
"2023-01-06 16:25:35","Braço, Abdominal","Cable Bicep Curl","3","40","10","","","kg",
"2023-01-06 16:25:35","Braço, Abdominal","Cable Bicep Curl","4","40","8","","","kg",
"2023-01-06 16:25:35","Braço, Abdominal","Cable Bicep Curl","5","35","11","","","kg",
"2023-01-06 16:25:35","Braço, Abdominal","Cable Bicep Curl","6","35","12","","","kg",
"2023-01-06 16:25:35","Braço, Abdominal","Cable Bicep Curl","7","35","8","","","kg",
"2023-01-06 16:25:35","Braço, Abdominal","Cable Triceps Pushdown","1","35","25","","","kg",
"2023-01-06 16:25:35","Braço, Abdominal","Cable Triceps Pushdown","2","50","12","","","kg",
"2023-01-06 16:25:35","Braço, Abdominal","Cable Triceps Pushdown","3","50","12","","","kg",
"2023-01-06 16:25:35","Braço, Abdominal","Cable Triceps Pushdown","4","50","10","","","kg",
"2023-01-06 16:25:35","Braço, Abdominal","Cable Triceps Pushdown","5","50","12","","","kg",
"2023-01-06 16:25:35","Braço, Abdominal","Triceps Dips","1","","6","","","kg",
"2023-01-06 16:25:35","Braço, Abdominal","Triceps Dips","2","","9","","","kg",
"2023-01-06 16:25:35","Braço, Abdominal","Triceps Dips","3","","4","","","kg",
"2023-01-06 16:25:35","Braço, Abdominal","Seated Two Arm Dumbbell Triceps Extension","1","12","7","","","kg","Ombro desestabilizou"
"2023-01-06 16:25:35","Braço, Abdominal","Seated Two Arm Dumbbell Triceps Extension","2","10","8","","","kg","Lado esquerdo mais fraco "
"2023-01-06 16:25:35","Braço, Abdominal","Lying Barbell Triceps Press","1","10","17","","","kg",
"2023-01-06 16:25:35","Braço, Abdominal","Lying Barbell Triceps Press","2","10","14","","","kg",
"2023-01-06 16:25:35","Braço, Abdominal","Lying Barbell Triceps Press","3","10","14","","","kg",
"2023-01-06 16:25:35","Braço, Abdominal","Lying Barbell Triceps Press","4","10","14","","","kg",
"2023-01-06 16:25:35","Braço, Abdominal","Lying Barbell Triceps Press","5","10","12","","","kg",
"2023-01-06 16:25:35","Braço, Abdominal","Lying Barbell Triceps Press","6","10","10","","","kg",
"2023-01-06 16:25:35","Braço, Abdominal","Lying Barbell Triceps Press","7","10","3","","","kg",
"2023-01-06 16:25:35","Braço, Abdominal","Crunches","1","","30","","","kg",
"2023-01-06 16:25:35","Braço, Abdominal","Crunches","2","","20","","","kg","Sentindo a lombar de ontem "
"2023-01-07 10:49:41","Peito, Ombro, Abdominal ","Decline Dumbbell Bench Press","1","24","15","","","kg",
"2023-01-07 10:49:41","Peito, Ombro, Abdominal ","Decline Dumbbell Bench Press","2","24","14","","","kg",
"2023-01-07 10:49:41","Peito, Ombro, Abdominal ","Decline Dumbbell Bench Press","3","26","10","","","kg",
"2023-01-07 10:49:41","Peito, Ombro, Abdominal ","Decline Dumbbell Bench Press","4","26","9","","","kg",
"2023-01-07 10:49:41","Peito, Ombro, Abdominal ","Decline Dumbbell Bench Press","5","26","4","","","kg",
"2023-01-07 10:49:41","Peito, Ombro, Abdominal ","Incline Dumbbell Bench Press","1","24","10","","","kg",
"2023-01-07 10:49:41","Peito, Ombro, Abdominal ","Incline Dumbbell Bench Press","2","24","7","","","kg",
"2023-01-07 10:49:41","Peito, Ombro, Abdominal ","Incline Dumbbell Bench Press","3","22","8","","","kg",
"2023-01-07 10:49:41","Peito, Ombro, Abdominal ","Incline Dumbbell Bench Press","4","22","8","","","kg",
"2023-01-07 10:49:41","Peito, Ombro, Abdominal ","Lateral Dumbbell Raises","1","14","9","","","kg",
"2023-01-07 10:49:41","Peito, Ombro, Abdominal ","Lateral Dumbbell Raises","2","12","12","","","kg",
"2023-01-07 10:49:41","Peito, Ombro, Abdominal ","Butterfly Machine","1","25","18","","","kg",
"2023-01-07 10:49:41","Peito, Ombro, Abdominal ","Butterfly Machine","2","30","6","","","kg",
"2023-01-07 10:49:41","Peito, Ombro, Abdominal ","Butterfly Machine","3","25","12","","","kg",
"2023-01-07 10:49:41","Peito, Ombro, Abdominal ","Butterfly Machine","4","30","8","","","kg",
"2023-01-07 10:49:41","Peito, Ombro, Abdominal ","Reverse Fly Machine","1","20","8","","","kg",
"2023-01-07 10:49:41","Peito, Ombro, Abdominal ","Reverse Fly Machine","2","15","7","","","kg",
"2023-01-07 10:49:41","Peito, Ombro, Abdominal ","Reverse Fly Machine","3","15","7","","","kg",
"2023-01-07 10:49:41","Peito, Ombro, Abdominal ","Reverse Fly Machine","4","15","9","","","kg",
"2023-01-07 10:49:41","Peito, Ombro, Abdominal ","Seated Bent Over Rear Delt Raise","1","7","8","","","kg",
"2023-01-07 10:49:41","Peito, Ombro, Abdominal ","Seated Bent Over Rear Delt Raise","2","7","13","","","kg",
"2023-01-07 10:49:41","Peito, Ombro, Abdominal ","Seated Bent Over Rear Delt Raise","3","7","13","","","kg",
